-- --------------------------------------------------------
-- Host:                         127.0.0.1
-- Versión del servidor:         5.7.33 - MySQL Community Server (GPL)
-- SO del servidor:              Win64
-- HeidiSQL Versión:             11.2.0.6213
-- --------------------------------------------------------

/*!40101 SET @OLD_CHARACTER_SET_CLIENT=@@CHARACTER_SET_CLIENT */;
/*!40101 SET NAMES utf8 */;
/*!50503 SET NAMES utf8mb4 */;
/*!40014 SET @OLD_FOREIGN_KEY_CHECKS=@@FOREIGN_KEY_CHECKS, FOREIGN_KEY_CHECKS=0 */;
/*!40101 SET @OLD_SQL_MODE=@@SQL_MODE, SQL_MODE='NO_AUTO_VALUE_ON_ZERO' */;
/*!40111 SET @OLD_SQL_NOTES=@@SQL_NOTES, SQL_NOTES=0 */;

-- Volcando estructura para tabla facturas_001.diccionario_catalogo
CREATE TABLE IF NOT EXISTS `diccionario_catalogo` (
  `rowid` int(10) NOT NULL AUTO_INCREMENT,
  `codigo` varchar(10) NOT NULL,
  `detalle` varchar(50) NOT NULL,
  `tipo` int(1) NOT NULL DEFAULT '1',
  `activo` int(1) NOT NULL DEFAULT '1',
  PRIMARY KEY (`rowid`)
) ENGINE=MyISAM AUTO_INCREMENT=12 DEFAULT CHARSET=latin1;

-- Volcando datos para la tabla facturas_001.diccionario_catalogo: 11 rows
/*!40000 ALTER TABLE `diccionario_catalogo` DISABLE KEYS */;
INSERT INTO `diccionario_catalogo` (`rowid`, `codigo`, `detalle`, `tipo`, `activo`) VALUES
	(1, 'Al', 'Alquiler de uso habitaciónal', 2, 1),
	(2, 'Alc', 'Alquiler de uso comercial', 2, 1),
	(3, 'cm', 'Comisiones', 2, 1),
	(4, 'Os', 'Otro tipo de servicio', 2, 1),
	(5, 'Sp', 'Servicios Profesionales', 2, 1),
	(6, 'Spe', 'Servicios personales', 2, 1),
	(7, 'St', 'Servicios Tecnicos', 2, 1),
	(8, 'Unid', 'Unidad', 1, 1),
	(9, 'Min', 'Minuto', 1, 1),
	(10, 'cm', 'Centímetro', 1, 1),
	(11, 'kg', 'Kilogramo', 1, 1);
/*!40000 ALTER TABLE `diccionario_catalogo` ENABLE KEYS */;

-- Volcando estructura para tabla facturas_001.diccionario_categorias
CREATE TABLE IF NOT EXISTS `diccionario_categorias` (
  `rowid` int(10) NOT NULL AUTO_INCREMENT,
  `entidad` int(10) NOT NULL DEFAULT '1',
  `tipo` set('clientes','productos') NOT NULL,
  `activo` int(1) NOT NULL,
  `creado` datetime NOT NULL,
  `label` varchar(200) NOT NULL,
  PRIMARY KEY (`rowid`)
) ENGINE=InnoDB AUTO_INCREMENT=169 DEFAULT CHARSET=latin1;

-- Volcando datos para la tabla facturas_001.diccionario_categorias: ~150 rows (aproximadamente)
/*!40000 ALTER TABLE `diccionario_categorias` DISABLE KEYS */;
INSERT INTO `diccionario_categorias` (`rowid`, `entidad`, `tipo`, `activo`, `creado`, `label`) VALUES
	(1, 5, 'productos', 1, '2016-11-02 00:00:00', 'Desayunos'),
	(2, 5, 'productos', 1, '2016-11-02 00:00:00', 'Almuerzos'),
	(3, 5, 'productos', 1, '2016-11-02 00:00:00', 'Pastas'),
	(4, 5, 'productos', 1, '2016-11-02 00:00:00', 'Corvina'),
	(5, 5, 'productos', 1, '2016-11-19 22:47:57', 'Bebidas'),
	(6, 5, 'productos', 1, '2016-11-02 00:00:00', 'Cafes'),
	(7, 5, 'productos', 1, '2016-11-02 00:00:00', 'Postres'),
	(10, 0, 'clientes', 0, '2016-11-19 22:49:19', 'scare'),
	(13, 5, 'productos', 1, '2016-11-25 00:34:43', 'Extras'),
	(20, 3, 'clientes', 1, '2016-06-30 11:16:15', 'Derecho'),
	(21, 3, 'productos', 1, '2016-06-30 11:16:15', 'Administración'),
	(22, 8, 'productos', 1, '2017-03-13 11:07:42', 'Accesorios'),
	(23, 45, 'productos', 1, '2018-04-19 07:58:00', 'Basica'),
	(25, 46, 'productos', 1, '2018-05-14 13:44:31', 'Tintes'),
	(26, 46, 'productos', 1, '2018-05-14 13:44:49', 'Maquillaje'),
	(27, 46, 'productos', 1, '0000-00-00 00:00:00', 'FOUNDATION'),
	(28, 46, 'productos', 1, '2018-05-15 11:06:12', 'FORM'),
	(29, 46, 'productos', 1, '2018-05-15 11:06:39', 'FLOW'),
	(30, 46, 'productos', 1, '2018-05-15 11:07:11', 'FLAUNT'),
	(31, 46, 'productos', 1, '2018-05-15 11:07:34', 'CELLOPHANES'),
	(32, 46, 'productos', 1, '2018-05-15 12:03:46', 'BLONDOR'),
	(33, 46, 'productos', 1, '2018-05-15 12:04:06', 'COLOR PERFECT'),
	(34, 46, 'productos', 1, '2018-05-15 12:04:27', 'WELLOXON'),
	(35, 46, 'productos', 1, '2018-05-15 12:04:55', 'COLOR TOUCH'),
	(36, 46, 'productos', 1, '2018-05-15 12:05:35', 'WELLASTRATE'),
	(37, 46, 'productos', 1, '2018-05-15 13:03:25', 'AURA BOTANICA'),
	(38, 46, 'productos', 1, '2018-05-15 13:03:55', 'CRITALLISTE'),
	(39, 46, 'productos', 1, '2018-05-15 13:04:21', 'ELIXIR ULTIME'),
	(40, 46, 'productos', 1, '2018-05-15 13:05:02', 'DISCIPLINE'),
	(41, 46, 'productos', 1, '2018-05-15 13:05:30', 'DENSIFIQUE'),
	(42, 46, 'productos', 1, '2018-05-15 13:05:43', 'SPECIFIQUE'),
	(43, 46, 'productos', 1, '2018-05-15 13:05:57', 'SOLAIRES'),
	(44, 46, 'productos', 1, '2018-05-15 13:06:20', 'INITIALISTE'),
	(45, 46, 'productos', 1, '2018-05-15 13:06:37', 'DERMOCALM'),
	(46, 46, 'productos', 1, '2018-05-15 13:07:12', 'CHROMA CAPTIVE'),
	(47, 46, 'productos', 1, '2018-05-15 13:07:26', 'CHROMA RICHE'),
	(48, 46, 'productos', 1, '2018-05-15 13:07:53', 'RESISTANCE FORCE ARCHITECT'),
	(49, 46, 'productos', 1, '2018-05-15 13:08:11', 'RESISTANCE TERAPISTE'),
	(50, 46, 'productos', 1, '2018-05-15 13:08:35', 'NUTRIVE OLEO RELAX'),
	(51, 46, 'productos', 1, '2018-05-15 13:09:01', 'NUTRI THERMIQUE'),
	(52, 46, 'productos', 1, '2018-05-15 13:09:18', 'NUTRICION'),
	(53, 46, 'productos', 1, '2018-05-15 17:38:10', 'ENERGIZIN CAIDA'),
	(54, 46, 'productos', 1, '2018-05-15 17:38:31', 'PURIFYING CASPA'),
	(55, 46, 'productos', 1, '2018-05-15 17:38:57', 'REBALANCING SEBUM GRASA'),
	(56, 46, 'productos', 1, '2018-05-15 17:39:38', 'NOURISHING NUTRITIVO Y RESTRUCTURANTE'),
	(57, 46, 'productos', 1, '2018-05-15 17:40:03', 'WELL BEING HIDRATANTE Y TONIFICANTE'),
	(58, 46, 'productos', 1, '2018-05-15 17:40:44', 'DETOXIFYNG REGENERATIVO Y DESINTOXICANTE'),
	(59, 46, 'productos', 1, '2018-05-15 17:41:03', 'REPLUMPING'),
	(60, 46, 'productos', 1, '2018-05-15 17:41:19', 'LOVE SMOOTHING'),
	(61, 46, 'productos', 1, '2018-05-15 17:41:34', 'LOVE CURL'),
	(62, 46, 'productos', 1, '2018-05-15 17:41:45', 'MOMO'),
	(63, 46, 'productos', 1, '2018-05-15 17:41:56', 'NOUNOU'),
	(64, 46, 'productos', 1, '2018-05-15 17:42:26', 'MINU'),
	(65, 46, 'productos', 1, '2018-05-15 17:42:40', 'VOLU'),
	(66, 46, 'productos', 1, '2018-05-15 17:42:53', 'SOLU'),
	(67, 46, 'productos', 1, '2018-05-15 17:43:05', 'MELU'),
	(68, 46, 'productos', 1, '2018-05-15 17:43:14', 'DEDE'),
	(69, 46, 'productos', 1, '2018-05-15 17:43:50', 'OI/OIL'),
	(70, 46, 'productos', 1, '2018-05-15 17:44:06', 'ALCHEMIC'),
	(71, 46, 'productos', 1, '2018-05-15 17:44:20', 'MORE-INSIDE'),
	(72, 46, 'productos', 1, '2018-05-16 00:02:29', 'BODYOGRAPHY'),
	(73, 46, 'productos', 1, '2018-06-01 11:26:10', 'DermaSwiss'),
	(74, 88, 'productos', 1, '2018-07-13 00:00:00', 'GOLOSINAS'),
	(75, 88, 'productos', 1, '2018-07-13 00:00:00', 'MERMELADAS'),
	(76, 88, 'productos', 1, '2018-07-13 00:00:00', 'FORMADOS'),
	(77, 88, 'productos', 1, '2018-07-13 00:00:00', 'JAMONES'),
	(78, 88, 'productos', 1, '2018-07-13 00:00:00', 'MORTADELAS'),
	(79, 88, 'productos', 1, '2018-07-13 00:00:00', 'SALCHICHAS'),
	(80, 88, 'productos', 1, '2018-07-13 00:00:00', 'SALCHICHONES'),
	(81, 88, 'productos', 1, '2018-07-13 00:00:00', 'JUGOS'),
	(82, 88, 'productos', 1, '2018-07-13 00:00:00', 'LACTEOS'),
	(83, 88, 'productos', 1, '2018-07-13 00:00:00', 'MANTEQUILLAS'),
	(84, 88, 'productos', 1, '2018-07-13 00:00:00', 'NATILLAS'),
	(85, 88, 'productos', 1, '2018-07-13 00:00:00', 'QUESOS'),
	(86, 88, 'productos', 1, '2018-07-13 00:00:00', 'PAN CUADRADO'),
	(87, 88, 'productos', 1, '2018-07-13 00:00:00', 'PANES'),
	(88, 88, 'productos', 1, '2018-07-13 00:00:00', 'CONGELADOS'),
	(89, 88, 'productos', 1, '2018-07-13 00:00:00', 'FIDEOS'),
	(90, 88, 'productos', 1, '2018-07-13 00:00:00', 'LASAÑA'),
	(91, 88, 'productos', 1, '2018-07-13 00:00:00', 'SALSAS'),
	(92, 88, 'productos', 1, '2018-07-13 00:00:00', 'TORTILLAS'),
	(93, 88, 'productos', 1, '2018-07-13 00:00:00', 'VARIOS'),
	(95, 116, 'productos', 1, '2018-07-13 00:00:00', 'DESAYUNOS'),
	(96, 116, 'productos', 1, '2018-07-13 00:00:00', 'ARME SU PINTO A SU GUSTO'),
	(97, 116, 'productos', 1, '2018-07-13 00:00:00', 'PIZZAS ARTESANALES'),
	(98, 116, 'productos', 1, '2018-07-13 00:00:00', 'PASTAS'),
	(99, 116, 'productos', 1, '2018-07-13 00:00:00', 'SOPAS'),
	(101, 116, 'productos', 1, '2018-07-13 00:00:00', 'ANTOJITOS'),
	(102, 116, 'productos', 1, '2018-07-13 00:00:00', 'SANDWICH'),
	(103, 116, 'productos', 1, '2018-07-13 00:00:00', 'CREPAS SALADAS'),
	(104, 116, 'productos', 1, '2018-07-13 00:00:00', 'CREPAS DULCES'),
	(105, 116, 'productos', 1, '2018-07-13 00:00:00', 'BEBIDAS CALIENTES'),
	(107, 116, 'productos', 1, '2018-07-13 00:00:00', 'BATIDOS TRADICIONALES'),
	(108, 116, 'productos', 1, '2018-07-13 00:00:00', 'BEBIDAS ESPECIALES'),
	(109, 116, 'productos', 1, '2018-07-13 00:00:00', 'GASEOSAS'),
	(110, 116, 'productos', 1, '0000-00-00 00:00:00', 'CAFES FRIOS'),
	(112, 357, 'productos', 1, '2019-12-19 10:59:02', 'CCTV'),
	(113, 357, 'productos', 1, '2019-12-19 11:34:32', 'SISTEMA DE INCENDIO'),
	(114, 52, 'productos', 1, '2019-12-20 12:48:20', 'Desarrollo'),
	(115, 357, 'productos', 1, '2019-12-21 10:10:39', 'AUTOMATIZACIÓN TIENDA'),
	(116, 357, 'productos', 1, '2019-12-21 10:12:53', 'ALARMA ROBO'),
	(117, 357, 'productos', 1, '2019-12-21 10:13:25', 'CERCA ELECTRICA'),
	(118, 357, 'productos', 1, '2019-12-21 10:14:09', 'CONTROL DE ACCESO'),
	(119, 7, 'productos', 1, '2020-01-17 07:57:05', 'Categoría de Prueba'),
	(120, 52, 'productos', 1, '2020-01-17 08:02:46', 'Pruebas'),
	(121, 427, 'productos', 1, '2020-02-03 15:41:36', 'Servicios Profesionales'),
	(122, 427, 'productos', 1, '2020-02-03 15:42:10', 'Productos complementarios del servicio'),
	(123, 7, 'productos', 1, '2020-03-24 19:22:31', 'Platos Fuertes'),
	(124, 173, 'productos', 1, '2020-07-14 15:59:29', 'REPUESTO HERRAMIENTAS'),
	(125, 7, 'productos', 1, '2020-09-03 11:11:19', 'aeswtase'),
	(127, 423, 'productos', 1, '2020-11-17 10:23:43', 'Colchones De Resorte Convencional'),
	(128, 423, 'productos', 1, '2020-11-17 10:24:15', 'Colchones de Resorte Pocket'),
	(129, 423, 'productos', 1, '2020-11-17 10:24:40', 'Colchones de Espuma'),
	(130, 423, 'productos', 1, '2020-11-17 10:25:09', 'Bases para Colchón'),
	(131, 423, 'productos', 1, '2020-11-17 10:37:03', 'Reparación de Colchón'),
	(132, 423, 'productos', 1, '2020-12-01 10:06:31', 'Cojinería Nueva'),
	(134, 423, 'productos', 1, '2020-12-09 13:07:23', 'Reparación Muebles'),
	(135, 112, 'productos', 1, '2020-12-24 14:40:42', 'Ilustraciones, diseños y fotografías, impresas'),
	(136, 423, 'productos', 1, '2021-01-18 09:36:42', 'Sillas Madera'),
	(137, 423, 'productos', 1, '2021-03-16 15:41:21', 'Reparación Mobiliario Piscina'),
	(138, 267, 'productos', 1, '2021-08-10 11:15:57', 'servicios de mecanica general'),
	(139, 267, 'productos', 1, '2021-08-10 12:05:03', 'cambio de repuesto reparacion'),
	(140, 476, 'productos', 1, '2021-08-26 16:23:07', 'Bolsos'),
	(141, 423, 'productos', 1, '2022-02-09 09:37:53', 'Restauración Camas'),
	(142, 474, 'productos', 1, '2022-04-05 11:16:22', 'EQUIPOS'),
	(143, 474, 'productos', 1, '2022-05-02 10:34:15', 'CASMARA'),
	(144, 474, 'productos', 1, '2022-05-02 10:34:51', 'ENZIMAS'),
	(145, 474, 'productos', 1, '2022-05-04 16:39:07', 'REPUESTOS'),
	(146, 474, 'productos', 1, '2022-06-15 16:45:29', 'VARIOS'),
	(147, 474, 'productos', 1, '2022-06-24 15:21:08', 'CONSUMIBLES'),
	(149, 7, 'productos', 1, '2022-06-28 04:16:34', 'EQUIPOS'),
	(150, 7, 'productos', 1, '2022-06-28 04:16:34', 'VARIOS'),
	(151, 7, 'productos', 1, '2022-06-28 04:16:34', 'REPUESTOS'),
	(152, 7, 'productos', 1, '2022-06-28 04:16:34', 'CASMARA'),
	(153, 7, 'productos', 1, '2022-06-28 04:16:34', 'CONSUMIBLES'),
	(154, 7, 'productos', 1, '2022-06-28 04:16:34', 'ENZIMAS'),
	(155, 474, 'productos', 1, '2022-06-30 07:47:17', ''),
	(156, 159, 'productos', 1, '2022-09-13 22:20:22', 'Aires acondicionados Convencionales'),
	(157, 159, 'productos', 1, '2022-09-13 22:20:45', 'Aires acondicionados Inverter'),
	(158, 149, 'productos', 1, '2022-10-28 11:53:07', 'Alquiler vivienda'),
	(159, 519, 'productos', 1, '2022-11-29 10:31:12', 'Servicios de Catering Service'),
	(160, 476, 'productos', 1, '2023-01-03 04:58:04', ''),
	(161, 423, 'productos', 1, '2023-02-03 13:13:19', 'Ensamblado de Colchones'),
	(162, 299, 'productos', 1, '2023-03-02 14:37:39', 'servicios imp calentadores'),
	(163, 47, 'productos', 1, '2023-06-15 15:48:51', 'TIMBRES'),
	(164, 423, 'productos', 1, '2023-09-01 08:57:44', 'Fabricación Colchones Sheep'),
	(165, 535, 'productos', 1, '2023-09-18 01:59:44', ''),
	(166, 423, 'productos', 1, '2023-11-15 09:02:20', 'Productos de Madera'),
	(167, 423, 'productos', 1, '2023-11-15 11:20:53', ''),
	(168, 541, 'productos', 1, '2024-01-02 04:43:08', '');
/*!40000 ALTER TABLE `diccionario_categorias` ENABLE KEYS */;

-- Volcando estructura para tabla facturas_001.diccionario_extensiones_permitidas
CREATE TABLE IF NOT EXISTS `diccionario_extensiones_permitidas` (
  `rowid` bigint(20) NOT NULL AUTO_INCREMENT,
  `extension` varchar(50) COLLATE utf8mb4_unicode_ci DEFAULT NULL,
  `categoria` varchar(50) COLLATE utf8mb4_unicode_ci DEFAULT NULL,
  `activo` tinyint(1) DEFAULT NULL,
  PRIMARY KEY (`rowid`)
) ENGINE=InnoDB AUTO_INCREMENT=12 DEFAULT CHARSET=utf8mb4 COLLATE=utf8mb4_unicode_ci;

-- Volcando datos para la tabla facturas_001.diccionario_extensiones_permitidas: ~11 rows (aproximadamente)
/*!40000 ALTER TABLE `diccionario_extensiones_permitidas` DISABLE KEYS */;
INSERT INTO `diccionario_extensiones_permitidas` (`rowid`, `extension`, `categoria`, `activo`) VALUES
	(1, 'image/png', 'imagen', 1),
	(2, 'image/gif', 'imagen', 1),
	(3, 'image/jpeg', 'imagen', 1),
	(4, 'image/pjpeg', 'imagen', 1),
	(5, 'text/plain', 'texto', 1),
	(6, 'text/html', 'html', 1),
	(7, 'application/x-zip-compressed', 'comprimido', 1),
	(8, 'application/pdf', 'documento', 1),
	(9, 'application/msword', 'documento', 1),
	(10, 'application/vnd.ms-excel', 'documento', 1),
	(11, 'video/mp4', 'video', 1);
/*!40000 ALTER TABLE `diccionario_extensiones_permitidas` ENABLE KEYS */;

-- Volcando estructura para tabla facturas_001.fi_bodegas
CREATE TABLE IF NOT EXISTS `fi_bodegas` (
  `rowid` int(10) NOT NULL AUTO_INCREMENT,
  `fk_empresa` int(10) NOT NULL,
  `tipo` int(1) NOT NULL DEFAULT '1' COMMENT '1 Facturacion    2 Apartado',
  `label` varchar(100) COLLATE utf8_unicode_ci NOT NULL,
  `nota` varchar(200) COLLATE utf8_unicode_ci NOT NULL,
  `principal_facturar` int(1) DEFAULT '0',
  `activo` int(1) NOT NULL,
  PRIMARY KEY (`rowid`)
) ENGINE=InnoDB AUTO_INCREMENT=63 DEFAULT CHARSET=utf8 COLLATE=utf8_unicode_ci;

-- Volcando datos para la tabla facturas_001.fi_bodegas: ~62 rows (aproximadamente)
/*!40000 ALTER TABLE `fi_bodegas` DISABLE KEYS */;
INSERT INTO `fi_bodegas` (`rowid`, `fk_empresa`, `tipo`, `label`, `nota`, `principal_facturar`, `activo`) VALUES
	(1, 1, 1, 'Bodega', '', 0, 1),
	(2, 4, 1, 'veritas', 'veritas \r\n                       \r\n                      ', 0, 1),
	(3, 4, 1, 'bodega2', 'bodega2 \r\n                      ', 0, 0),
	(4, 6, 1, 'Bodega Prueba', 'Bodega Prueba                      ', 0, 0),
	(5, 4, 1, 'Bodega la sala', 'Inventario de La Sala.                     \r\n                       \r\n                  \r\n                      ', 0, 1),
	(6, 4, 1, 'Inventario La Sala ', ' Inventario de productos para la preparacion de los platos \r\n                       \r\n                       \r\n                      ', 0, 1),
	(7, 8, 1, 'Tienda', ' \r\n                       \r\n                      ', 0, 0),
	(8, 9, 1, 'Bodega Tienda', 'Bodega Tienda \r\n                      ', 0, 1),
	(9, 8, 1, 'INVENTARIO BLANKA', ' \r\n                      ', 0, 1),
	(10, 7, 1, 'ALmacen Principal', ' \r\n                       \r\n                      ', 0, 1),
	(11, 2, 1, 'pilot', 'david \r\n                       \r\n                      ', 0, 1),
	(12, 5, 1, 'demo', 'demo\r\n \r\n                      ', 0, 1),
	(13, 7, 2, ' cvzxcvzxcv zzzzzz', ' \r\n                      zxcvzxcv \r\n                  xczvx     \r\n                       \r\n                      ', 0, 0),
	(14, 45, 1, 'Bodega Principal', 'Esta es la bodega principal \r\n                       \r\n                      ', 1, 1),
	(15, 45, 1, 'Bodega Secundaria', 'Esta es la segunda bodega \r\n                      ', 0, 1),
	(16, 46, 1, 'Bodega Principal', ' Esta es la bodega principal\r\n                      ', 0, 1),
	(17, 9, 1, 'Bodega Propia', ' \r\n                      ', 0, 0),
	(18, 74, 1, 'Consigna', ' \r\n                       \r\n                      ', 0, 1),
	(19, 74, 1, 'Productos de Salón', ' \r\n                      ', 0, 1),
	(20, 120, 1, 'Bodega Pangea', '', 1, 1),
	(21, 7, 1, 'Bodega 01', 'es una bodega de prueba  \r\n                      ', 1, 1),
	(22, 240, 1, 'bodega principal', ' \r\n                      ', 1, 1),
	(23, 286, 1, 'Bodega Principal', ' \r\n                       \r\n                      ', 1, 1),
	(24, 286, 1, 'Bodega Barva, principal', ' \r\n                      Bodega A Almacenaje ', 0, 1),
	(25, 286, 1, 'Bodega B , Alajuela', ' \r\n                     Bodega Varios para Emergencia  \r\n                      ', 0, 1),
	(26, 359, 1, 'Bodega 1', ' \r\n                      ', 0, 1),
	(27, 364, 1, 'Bodega 1', ' \r\n                      ', 0, 1),
	(28, 357, 1, 'Bodega Tienda', ' \r\n                       \r\n                      ', 1, 1),
	(29, 427, 1, 'Bodega 1 - Principal', ' Bodega de uso común con stock básico en casa\r\n                       \r\n                      ', 0, 1),
	(30, 52, 1, 'Bodega de Prueba', ' \r\n                      es para probar', 0, 1),
	(31, 357, 1, 'Tienda San Pedo', ' Productos en Tienda \r\n                       \r\n                       \r\n                       \r\n                      ', 0, 1),
	(32, 357, 1, 'Control de Acceso ', 'Equipo Control de Acceso             ', 0, 1),
	(33, 357, 1, 'CCTV', ' Sistemas de CCTV \r\n                      ', 0, 1),
	(34, 7, 1, 'Zoco 3213', ' \r\n                      fdfds srta fjsdkjfds \r\n                      ', 0, 1),
	(35, 274, 1, 'bodega enlatados', 'esta bodega se utilizará unicamnrte para productos enlatados  \r\n                      ', 0, 1),
	(36, 358, 1, 'Bodega de Prueba', ' esta Bodega es únicamente de prueba\r\n                       \r\n                      ', 0, 1),
	(37, 112, 1, 'SERVICIOS  PROFESIONALES DE VIDEO', ' \r\n              SERVICIOS  PROFESIONALES DE VIDEO         \r\n                      ', 0, 1),
	(38, 451, 1, 'inventario ', ' \r\n                      ', 0, 0),
	(39, 474, 1, 'Bodega Principal', ' Bodega 01\r\n                       \r\n                      ', 0, 1),
	(40, 476, 1, 'SuBoutique', ' \r\n       Local 01                \r\n                      ', 0, 1),
	(41, 474, 1, 'CIP CIMA', 'Consigna Fisioterapia Paris \r\n                      ', 0, 0),
	(42, 474, 1, 'COSMEDICAL', 'Torre Lexus torre 1 piso 2\r\n                       \r\n                      ', 0, 0),
	(43, 474, 1, 'SANCHEZ Y PALMA', 'BODY AND SOUL EN HEREDIA\r\n                       \r\n                      ', 0, 0),
	(44, 474, 1, 'MORERA', ' CONSIGNA\r\n                      ', 0, 0),
	(45, 474, 1, 'H&B Piso 3', ' \r\n                       \r\n                      ', 0, 0),
	(46, 474, 1, 'KARLA AGUILAR', ' \r\n                       \r\n                      ', 0, 0),
	(47, 474, 1, 'ARMANDO BOLAÑOS LEON', ' \r\n                       \r\n                      ', 0, 0),
	(48, 474, 1, 'ARMANDO BOLAÑOS LEON', ' \r\n                       \r\n                      ', 0, 0),
	(49, 474, 1, 'KIETUD DE LA MONTAÑA', ' \r\n                       \r\n                      ', 0, 0),
	(50, 474, 1, 'KENANPAU S.A.', ' \r\n                      ', 0, 0),
	(51, 492, 1, 'Bodega', ' \r\n                       \r\n                      ', 0, 1),
	(52, 474, 1, 'Tiffany', ' \r\n                      ', 0, 0),
	(53, 7, 1, 'prueba', ' \r\n            test           \r\n                      ', 0, 1),
	(54, 7, 1, ' ', ' \r\n                      ', 0, 0),
	(55, 159, 1, 'Aires acondicionados Convencionales', ' \r\n                       \r\n                      ', 0, 1),
	(56, 514, 1, 'Principal', '-               ', 0, 1),
	(57, 25, 1, 'SERVICIO DE COMIDAS', ' \r\n                      ', 0, 1),
	(58, 299, 1, ' ', ' \r\n         Porta Relay             ', 0, 1),
	(59, 535, 1, 'principal', ' principal\r\n                       \r\n                      ', 0, 1),
	(60, 536, 1, 'Bodega principal', ' \r\n                      ', 0, 1),
	(61, 423, 1, 'NovoConfort Colchones', ' \r\n                       \r\n                       \r\n                      ', 0, 1),
	(62, 541, 1, 'Bodega Principal', ' \r\n                       \r\n                      ', 0, 1);
/*!40000 ALTER TABLE `fi_bodegas` ENABLE KEYS */;

-- Volcando estructura para tabla facturas_001.fi_bodegas_productos_configuracion
CREATE TABLE IF NOT EXISTS `fi_bodegas_productos_configuracion` (
  `rowid` int(10) NOT NULL AUTO_INCREMENT,
  `fk_producto` int(10) NOT NULL,
  `stock_minimo` int(10) NOT NULL,
  `stock_deseado` int(10) NOT NULL,
  `fk_ubicacion_1` int(10) NOT NULL,
  `fk_ubicacion_2` int(10) NOT NULL,
  `fk_ubicacion_3` int(10) NOT NULL,
  `fk_ubicacion_4` int(10) NOT NULL,
  PRIMARY KEY (`rowid`)
) ENGINE=InnoDB DEFAULT CHARSET=latin1;

-- Volcando datos para la tabla facturas_001.fi_bodegas_productos_configuracion: ~0 rows (aproximadamente)
/*!40000 ALTER TABLE `fi_bodegas_productos_configuracion` DISABLE KEYS */;
/*!40000 ALTER TABLE `fi_bodegas_productos_configuracion` ENABLE KEYS */;

-- Volcando estructura para tabla facturas_001.fi_bodegas_stock
CREATE TABLE IF NOT EXISTS `fi_bodegas_stock` (
  `rowid` int(10) NOT NULL AUTO_INCREMENT,
  `fk_bodega` int(10) NOT NULL,
  `fk_producto` int(10) NOT NULL,
  `stock` int(10) NOT NULL,
  PRIMARY KEY (`rowid`),
  KEY `fk_bodega` (`fk_bodega`),
  KEY `fk_producto` (`fk_producto`)
) ENGINE=InnoDB AUTO_INCREMENT=366 DEFAULT CHARSET=utf8 COLLATE=utf8_unicode_ci;

-- Volcando datos para la tabla facturas_001.fi_bodegas_stock: ~100 rows (aproximadamente)
/*!40000 ALTER TABLE `fi_bodegas_stock` DISABLE KEYS */;
INSERT INTO `fi_bodegas_stock` (`rowid`, `fk_bodega`, `fk_producto`, `stock`) VALUES
	(265, 3, 982, 10),
	(266, 7, 994, 13),
	(267, 7, 996, 41),
	(268, 7, 997, 10),
	(269, 7, 998, 0),
	(270, 7, 1000, 2),
	(271, 7, 1001, 31),
	(272, 7, 1002, 58),
	(273, 7, 1005, 21),
	(274, 7, 1006, 31),
	(275, 7, 1007, 4),
	(276, 7, 1010, 41),
	(277, 7, 1011, 3),
	(279, 8, 1028, 2),
	(280, 8, 1029, 1),
	(281, 8, 1030, 3),
	(282, 8, 1031, 0),
	(283, 8, 1032, 2),
	(284, 8, 1033, 2),
	(285, 8, 1034, 1),
	(286, 8, 1035, 1),
	(287, 8, 1036, 2),
	(288, 8, 1037, 0),
	(289, 8, 1038, 2),
	(290, 8, 1039, 2),
	(291, 8, 1041, 5),
	(292, 8, 1042, 4),
	(293, 8, 1043, 4),
	(294, 8, 1045, 2),
	(295, 8, 1046, 1),
	(296, 8, 1047, 1),
	(297, 8, 1048, 0),
	(298, 8, 1049, 0),
	(299, 8, 1050, -3),
	(300, 8, 1051, 0),
	(301, 8, 1052, 0),
	(302, 8, 1053, 1),
	(303, 8, 1054, 3),
	(304, 8, 1055, 2),
	(305, 8, 1056, 1),
	(306, 8, 1057, 4),
	(307, 8, 1058, 1),
	(308, 8, 1059, 1),
	(309, 8, 1060, -1),
	(310, 8, 1061, 1),
	(311, 8, 1062, -3),
	(312, 8, 1063, 2),
	(313, 8, 1064, 1),
	(314, 8, 1065, 2),
	(315, 8, 1066, 2),
	(316, 8, 1068, -2),
	(317, 8, 1070, 3),
	(318, 8, 1071, 0),
	(319, 8, 1072, 1),
	(320, 8, 1073, 1),
	(321, 8, 1074, 1),
	(322, 8, 1075, 2),
	(323, 8, 1076, 2),
	(324, 8, 1077, 3),
	(325, 8, 1078, -1),
	(326, 8, 1079, 1),
	(327, 8, 1080, 3),
	(328, 8, 1081, 3),
	(329, 8, 1082, 1),
	(330, 8, 1083, 0),
	(331, 8, 1084, 1),
	(332, 8, 1085, 1),
	(333, 8, 1086, 0),
	(334, 8, 1087, 1),
	(335, 8, 1088, -1),
	(336, 8, 1089, 2),
	(337, 8, 1090, 1),
	(338, 8, 1091, 1),
	(339, 8, 1092, 0),
	(340, 8, 1093, 1),
	(341, 8, 1094, 6),
	(342, 8, 1095, 6),
	(343, 8, 1096, 6),
	(344, 8, 1098, 1),
	(345, 8, 1099, 1),
	(346, 8, 1100, 1),
	(347, 8, 1101, 1),
	(348, 8, 1102, 2),
	(349, 8, 1103, 0),
	(350, 8, 1104, 1),
	(351, 8, 1105, 1),
	(352, 8, 1106, 1),
	(353, 8, 1107, 2),
	(354, 8, 1108, 1),
	(355, 8, 1109, 1),
	(356, 8, 1110, 1),
	(357, 8, 1111, 1),
	(358, 8, 1112, 0),
	(359, 8, 1113, 2),
	(360, 8, 1114, 2),
	(361, 8, 1115, 2),
	(362, 8, 1116, 1),
	(363, 8, 1117, 9),
	(364, 8, 1118, 1),
	(365, 8, 1119, 2);
/*!40000 ALTER TABLE `fi_bodegas_stock` ENABLE KEYS */;

-- Volcando estructura para tabla facturas_001.fi_configuracion_empresa
CREATE TABLE IF NOT EXISTS `fi_configuracion_empresa` (
  `rowid` int(10) NOT NULL AUTO_INCREMENT,
  `electronica_activo` int(1) NOT NULL DEFAULT '1' COMMENT 'Filtro para evitar solicitar token de inactivos',
  `aceptacion_firma` set('php','java') NOT NULL DEFAULT 'java' COMMENT 'Multiple Firmador',
  `ventas_firma` set('php','java') NOT NULL DEFAULT 'java' COMMENT 'Multiple Firmador',
  `utiliza_inventario` int(1) NOT NULL DEFAULT '0' COMMENT '0-> no 1-> Si',
  `permitir_inventario_negativo` int(1) NOT NULL COMMENT '0-> no 1-> Si',
  `integracion_romanas` int(1) NOT NULL DEFAULT '0' COMMENT 'Integraciones Con Romanas',
  `fk_empresa_parent` int(10) DEFAULT NULL,
  `tipo_cuenta` set('demo','produccion') NOT NULL DEFAULT 'produccion',
  `fecha_cobro` date DEFAULT NULL,
  `cobro_monto` int(11) NOT NULL,
  `cobro_moneda` int(1) NOT NULL DEFAULT '1',
  `periocidad_cobro` set('anual','semestral','mensual','gratis') NOT NULL DEFAULT 'anual',
  `funcion_cuenta` set('servicios_profesionales','peluquerias') NOT NULL DEFAULT 'servicios_profesionales',
  `vendedor` int(10) DEFAULT '0',
  `entidad` int(10) NOT NULL,
  `nombre_empresa` varchar(400) NOT NULL,
  `fk_sucursal` int(4) NOT NULL DEFAULT '1',
  `nombre_fantasia` varchar(400) NOT NULL,
  `nombre_direccion` varchar(500) NOT NULL,
  `cedula_juridica` varchar(20) NOT NULL,
  `sujeto_impuesto` int(1) NOT NULL,
  `electronica_certificado` varchar(100) DEFAULT '0',
  `electronica_certificado_encriptado` varchar(100) DEFAULT '0',
  `electronica_certificado_clave` varchar(10) NOT NULL,
  `electronica_nombre` varchar(600) NOT NULL,
  `electronica_identificacion_tipo` int(1) NOT NULL COMMENT '1-->Fisico 2-->juridico 3-->Dimex 4-->nite',
  `electronica_identificacion_numero` varchar(100) NOT NULL,
  `electronica_nombre_comercial` varchar(100) NOT NULL,
  `electronica_provincia` int(10) NOT NULL,
  `electronica_canton` varchar(10) NOT NULL,
  `electronica_distrito` varchar(10) NOT NULL,
  `electronica_barrio` varchar(10) NOT NULL,
  `electronica_otras_senas` varchar(200) NOT NULL,
  `electronica_telefono` int(10) NOT NULL,
  `electronica_fax` int(10) NOT NULL,
  `electronico_correo` varchar(50) NOT NULL,
  `api_access_token` varchar(100) NOT NULL,
  `api_cliente` varchar(200) NOT NULL DEFAULT 'api-prod',
  `api_usuario` varchar(200) NOT NULL,
  `api_password` varchar(200) NOT NULL,
  `api_path` varchar(300) NOT NULL DEFAULT 'https://api.comprobanteselectronicos.go.cr/recepcion/v1/recepcion/',
  `GTIN_distribuidor` varchar(200) DEFAULT NULL,
  `cuentaBanco` text,
  PRIMARY KEY (`rowid`),
  KEY `fk_empresa_parent` (`fk_empresa_parent`)
) ENGINE=InnoDB AUTO_INCREMENT=11 DEFAULT CHARSET=latin1;

-- Volcando datos para la tabla facturas_001.fi_configuracion_empresa: ~10 rows (aproximadamente)
/*!40000 ALTER TABLE `fi_configuracion_empresa` DISABLE KEYS */;
INSERT INTO `fi_configuracion_empresa` (`rowid`, `electronica_activo`, `aceptacion_firma`, `ventas_firma`, `utiliza_inventario`, `permitir_inventario_negativo`, `integracion_romanas`, `fk_empresa_parent`, `tipo_cuenta`, `fecha_cobro`, `cobro_monto`, `cobro_moneda`, `periocidad_cobro`, `funcion_cuenta`, `vendedor`, `entidad`, `nombre_empresa`, `fk_sucursal`, `nombre_fantasia`, `nombre_direccion`, `cedula_juridica`, `sujeto_impuesto`, `electronica_certificado`, `electronica_certificado_encriptado`, `electronica_certificado_clave`, `electronica_nombre`, `electronica_identificacion_tipo`, `electronica_identificacion_numero`, `electronica_nombre_comercial`, `electronica_provincia`, `electronica_canton`, `electronica_distrito`, `electronica_barrio`, `electronica_otras_senas`, `electronica_telefono`, `electronica_fax`, `electronico_correo`, `api_access_token`, `api_cliente`, `api_usuario`, `api_password`, `api_path`, `GTIN_distribuidor`, `cuentaBanco`) VALUES
	(1, 0, 'java', 'java', 0, 0, 0, NULL, 'produccion', NULL, 0, 1, 'gratis', 'servicios_profesionales', 0, 1, 'O.M. ASESORES CONTABLES Y CONSULTORES AV DE COSTA RICA SA', 1, 'O.M. ASESORES CONTABLES Y CONSULTORES AV DE COSTA RICA SA', ' ', '3101743860', 1, 'Produccion310174386033.p12', 'Produccion310174386033.p12', '1604', 'O.M. ASESORES CONTABLES Y CONSULTORES AV DE COSTA RICA SA', 2, '3101743860', 'O.M. ASESORES CONTABLES Y CONSULTORES AV DE COSTA RICA SA', 1, '03', '03', '01', 'Urbanización San Juan, de la cancha de deportes 100 metros sur', 47026612, 47026612, 'aoviedo@omasesores.com', 'https://idp.comprobanteselectronicos.go.cr/auth/realms/rut/protocol/openid-connect/token', 'api-prod', 'cpj-3-101-743860@prod.comprobanteselectronicos.go.cr', 'u@}pt$%=xAG{@-)2F3K?', 'https://api.comprobanteselectronicos.go.cr/recepcion/v1/recepcion', NULL, NULL),
	(2, 1, 'java', 'java', 0, 0, 0, NULL, 'produccion', NULL, 0, 1, 'gratis', 'servicios_profesionales', 0, 2, 'Alex Personal', 1, '', '', '', 0, 'AlexPersonalPrueba010869052614_2.p12', 'AlexPersonalPrueba010869052614_2.p12', '1064', 'ALEXANDER DE LA TRINIDAD OVIEDO MORALES', 1, '108690526', 'ALEXANDER DE LA TRINIDAD OVIEDO MORALES', 1, '3', '3', '1', 'Urbanización San Juan, de la cancha de deportes 100 metros sur', 47026612, 47026612, 'aoviedo@omasesores.com', '', 'api-stag', 'cpf-01-0869-0526@prod.comprobanteselectronicos.go.cr', '[O5(F=-;*_/K8A|jc-0L', 'https://api.comprobanteselectronicos.go.cr/recepcion/v1/', NULL, NULL),
	(3, 1, 'java', 'java', 0, 0, 0, NULL, 'produccion', NULL, 0, 1, 'gratis', 'servicios_profesionales', 0, 3, 'Fundación Universidad Cristiana del Sur', 1, 'Fundación Universidad Cristiana del Sur', '300 metros al sur de Quiznos, Paseo Colón, San José.', '3-006-205431', 0, '', NULL, '', '', 0, '', '', 0, '0', '0', '0', '', 0, 0, '', '', '', '', '', '', NULL, NULL),
	(4, 1, 'java', 'java', 0, 0, 0, NULL, 'produccion', NULL, 0, 1, 'gratis', 'servicios_profesionales', 0, 4, 'Fab La Sala', 1, 'Nombre Empresa', 'DIRECCION', '', 0, '', NULL, '', '', 0, '', '', 0, '0', '0', '0', '', 0, 0, '', '', '', '', '', '', NULL, NULL),
	(5, 1, 'java', 'java', 0, 0, 0, NULL, 'produccion', NULL, 0, 1, 'gratis', 'servicios_profesionales', 0, 5, ' ', 1, 'Cafetería y Restaurante', ' ', ' ', 0, '', NULL, '', '', 0, '', '', 0, '0', '0', '0', '', 0, 0, '', '', '', '', '', '', NULL, NULL),
	(6, 1, 'java', 'java', 0, 0, 0, NULL, 'produccion', NULL, 0, 1, 'gratis', 'servicios_profesionales', 0, 6, ' ', 1, ' ', ' ', ' ', 0, '', NULL, '', '', 0, '', '', 0, '0', '0', '0', '', 0, 0, '', '', '', '', '', '', NULL, NULL),
	(7, 0, 'java', 'java', 1, 0, 0, 10, 'demo', '2018-05-01', 1500, 2, 'gratis', 'peluquerias', 0, 7, 'AVANCES TECNOLOGICOS V & B SOCIEDAD ANONIMA', 1, 'AVANCES TECNOLOGICOS V B SOCIEDAD ANONIMA', ' Palmares', '123123123', 1, '310122786905.p12', '310122786905.p12', '2105', 'AVANCES TECNOLOGICOS V & B SOCIEDAD ANONIMA', 2, '123123123', 'AVANCES TECNOLOGICOS V B SOCIEDAD ANONIMA', 2, '07', '03', '03', 'Palmares', 63114020, 40356809, 'dbermejo@avancescr.com', 'https://idp.comprobanteselectronicos.go.cr/auth/realms/rut-stag/protocol/openid-connect/token', 'api-prod', '1', '1', 'https://api.comprobanteselectronicos.go.cr/recepcion-sandbox/v1/recepcion', '1235469', 'Cuenta Bancaria: 200-001-002-00-01'),
	(8, 1, 'java', 'java', 0, 0, 0, 10, 'produccion', NULL, 0, 1, 'gratis', 'servicios_profesionales', 0, 8, 'David Bermejo Porras', 1, 'David Bermejo Porras', 'Pavas San Jose', '115010959', 0, '310172994605.p12', '310172994605.p12', '1234', 'David Bermejo Porras', 1, '115010959', 'David Bermejo Porras', 1, '01', '09', '16', 'Pavas Centro', 63114020, 63114020, 'davidb@aprendmcr.com', 'https://idp.comprobanteselectronicos.go.cr/auth/realms/rut/protocol/openid-connect/token', 'api-prod', 'cpf-01-1501-0959@prod.comprobanteselectronicos.go.cr', '-C|EA#{-uL)S)-Z>bS(.', 'https://api.comprobanteselectronicos.go.cr/recepcion/v1/recepcion/', NULL, NULL),
	(9, 0, 'java', 'java', 0, 0, 0, 55, 'produccion', '2018-04-19', 0, 1, 'gratis', 'servicios_profesionales', 0, 9, 'Geovanny Francisco Espinoza chavarria', 1, 'Geovanny Francisco Espinoza chavarria', 'DEL TALLER DE SELMAN 75 METROS SUR', '401570090', 1, '040157009033.p12', '040157009033.p12', '1111', 'Geovanny Francisco Espinoza chavarria', 1, '401570090', 'Geovanny Francisco Espinoza chavarria', 5, '01', '01', '25', 'DEL TALLER DE SELMAN 75 METROS SUR', 22686267, 0, 'espinozacg@506soporte.com', 'https://idp.comprobanteselectronicos.go.cr/auth/realms/rut/protocol/openid-connect/token', 'api-prod', 'cpf-04-0157-0090@prod.comprobanteselectronicos.go.cr', 'N1PZ{{{q(!/qAw*W@c!@', 'https://api.comprobanteselectronicos.go.cr/recepcion/v1/recepcion/', NULL, NULL),
	(10, 1, 'java', 'java', 0, 0, 0, NULL, 'produccion', NULL, 0, 1, 'gratis', 'servicios_profesionales', 1, 10, 'AVANTEC PRODUCCION', 1, ' ', ' ', ' ', 0, '060391056031MichaelVargasM.p12', '060391056031MichaelVargasM.p12', '9090', 'AVANCES TECNOLOGICOS V & B SOCIEDAD ANONIMA', 2, '3101729946', 'AVANCES TECNOLOGICOS V & B SOCIEDAD ANONIMA', 4, '2', '3', '3', 'Palmares Centro', 63114020, 24520236, 'dbermejo@avancescr.com', 'https://idp.comprobanteselectronicos.go.cr/auth/realms/rut/protocol/openid-connect/token', 'api-prod', 'cpj-3-101-729946@prod.comprobanteselectronicos.go.cr', '02*;|+?;BY}WoC_U^mQ/', 'https://api.comprobanteselectronicos.go.cr/recepcion/v1/recepcion/', NULL, NULL);
/*!40000 ALTER TABLE `fi_configuracion_empresa` ENABLE KEYS */;

-- Volcando estructura para tabla facturas_001.fi_cotizaciones
CREATE TABLE IF NOT EXISTS `fi_cotizaciones` (
  `rowid` int(10) NOT NULL AUTO_INCREMENT,
  `entidad` int(1) NOT NULL DEFAULT '1',
  `moneda` int(1) NOT NULL DEFAULT '1',
  `moneda_tipo_cambio` decimal(10,2) NOT NULL DEFAULT '0.00',
  `fk_usuario_crear` int(10) NOT NULL,
  `fk_usuario_validar` int(10) NOT NULL,
  `fecha` date NOT NULL,
  `fecha_vencimiento` date NOT NULL,
  `referencia` varchar(20) COLLATE utf8_unicode_ci NOT NULL,
  `referencia_proveedor` varchar(100) COLLATE utf8_unicode_ci NOT NULL,
  `tipo` int(1) NOT NULL DEFAULT '0' COMMENT '0 -> contado    1-> Credito',
  `forma_pago` int(10) NOT NULL,
  `detalle` varchar(300) COLLATE utf8_unicode_ci NOT NULL,
  `detalle_publico` text COLLATE utf8_unicode_ci,
  `fk_tercero` int(10) DEFAULT NULL,
  `subtotal` int(10) NOT NULL,
  `impuesto` int(10) NOT NULL,
  `total` int(10) NOT NULL,
  `estado` int(1) NOT NULL COMMENT '0 Borrador  ----- 1 Validada  3--- abandonada',
  `pagado` int(10) NOT NULL DEFAULT '0',
  `estado_pagada` int(1) NOT NULL DEFAULT '0' COMMENT '0- No   1-  Si',
  `eliminado` int(1) NOT NULL DEFAULT '0',
  `fecha_creacion_server` timestamp NOT NULL DEFAULT CURRENT_TIMESTAMP,
  `_vuelto` int(10) NOT NULL,
  `txt_cliente` varchar(255) COLLATE utf8_unicode_ci DEFAULT NULL,
  `apodo` varchar(255) COLLATE utf8_unicode_ci DEFAULT NULL,
  PRIMARY KEY (`rowid`),
  KEY `fk_usuario_crear` (`fk_usuario_crear`)
) ENGINE=InnoDB DEFAULT CHARSET=utf8 COLLATE=utf8_unicode_ci;

-- Volcando datos para la tabla facturas_001.fi_cotizaciones: ~0 rows (aproximadamente)
/*!40000 ALTER TABLE `fi_cotizaciones` DISABLE KEYS */;
/*!40000 ALTER TABLE `fi_cotizaciones` ENABLE KEYS */;

-- Volcando estructura para tabla facturas_001.fi_productos
CREATE TABLE IF NOT EXISTS `fi_productos` (
  `rowid` int(10) NOT NULL AUTO_INCREMENT,
  `entidad` int(1) NOT NULL DEFAULT '1',
  `tipo` int(1) NOT NULL DEFAULT '1' COMMENT '1 -- Productos , 2 Servicios',
  `unidad` varchar(10) COLLATE utf8_unicode_ci DEFAULT NULL,
  `ref` varchar(40) COLLATE utf8_unicode_ci NOT NULL,
  `label` varchar(300) COLLATE utf8_unicode_ci NOT NULL,
  `codigo_barras` varchar(20) COLLATE utf8_unicode_ci NOT NULL COMMENT 'muy utilizado en el POS ',
  `tosell` int(1) NOT NULL,
  `tobuy` int(1) NOT NULL,
  `fk_user_autor` int(10) NOT NULL,
  `stock` int(11) NOT NULL,
  `stock_minimo_alerta` int(11) NOT NULL,
  `descuento_maximo` decimal(5,2) NOT NULL DEFAULT '0.00' COMMENT 'Mejora Aplicada solo a IDTEC',
  `notas` varchar(100) COLLATE utf8_unicode_ci NOT NULL,
  `diccionario_1` int(10) NOT NULL,
  `diccionario_2` int(10) NOT NULL,
  `diccionario_3` int(10) NOT NULL,
  `diccionario_4` int(10) NOT NULL,
  `diccionario_5` int(10) NOT NULL,
  `diccionario_6` int(10) NOT NULL,
  `diccionario_7` int(10) NOT NULL,
  `diccionario_8` int(10) NOT NULL,
  `diccionario_9` int(10) NOT NULL,
  `diccionario_10` int(10) NOT NULL,
  `fk_bodega_base` int(10) NOT NULL,
  `romana` int(1) NOT NULL DEFAULT '0' COMMENT 'Integra con Romana',
  `eliminado` int(1) NOT NULL DEFAULT '0',
  `CABYS_listo` int(1) NOT NULL DEFAULT '0' COMMENT 'Modificacion CABYS',
  `CABYS_codigo` varchar(15) COLLATE utf8_unicode_ci DEFAULT NULL,
  `CABYS_impuesto` int(10) DEFAULT NULL,
  `CABYS_descripcion` varchar(50) COLLATE utf8_unicode_ci DEFAULT NULL,
  `CABYS_FECHA` datetime DEFAULT NULL,
  PRIMARY KEY (`rowid`)
) ENGINE=InnoDB AUTO_INCREMENT=33 DEFAULT CHARSET=utf8 COLLATE=utf8_unicode_ci;

-- Volcando datos para la tabla facturas_001.fi_productos: ~5 rows (aproximadamente)
/*!40000 ALTER TABLE `fi_productos` DISABLE KEYS */;
INSERT INTO `fi_productos` (`rowid`, `entidad`, `tipo`, `unidad`, `ref`, `label`, `codigo_barras`, `tosell`, `tobuy`, `fk_user_autor`, `stock`, `stock_minimo_alerta`, `descuento_maximo`, `notas`, `diccionario_1`, `diccionario_2`, `diccionario_3`, `diccionario_4`, `diccionario_5`, `diccionario_6`, `diccionario_7`, `diccionario_8`, `diccionario_9`, `diccionario_10`, `fk_bodega_base`, `romana`, `eliminado`, `CABYS_listo`, `CABYS_codigo`, `CABYS_impuesto`, `CABYS_descripcion`, `CABYS_FECHA`) VALUES
	(28, 1, 1, 'Unid', ' prueba ', 'prueba', '', 0, 0, 0, 0, 0, 0.00, ' ', 0, 0, 0, 0, 0, 0, 0, 0, 0, 0, 0, 0, 1, 0, NULL, NULL, NULL, NULL),
	(29, 1, 1, 'Unid', 'violenvia', 'violencia', '', 0, 0, 0, 0, 0, 0.00, ' ', 0, 0, 0, 0, 0, 0, 0, 0, 0, 0, 0, 0, 1, 0, NULL, NULL, NULL, NULL),
	(30, 1, 1, 'Unid', 'otra', 'otra', '', 0, 0, 0, 10, 0, 0.00, ' ', 0, 0, 0, 0, 0, 0, 0, 0, 0, 0, 0, 0, 0, 0, NULL, NULL, NULL, NULL),
	(31, 1, 2, 'Sp', 'MBUYER', 'Membresía Empresa Compradora 12 Meses', '', 1, 0, 0, 0, 0, 0.00, ' ', 0, 0, 0, 0, 0, 0, 0, 0, 0, 0, 0, 0, 0, 0, NULL, NULL, NULL, NULL),
	(32, 1, 0, NULL, 'MPPSELLER12', 'Plan PyMEs Proveedoras 12 Meses edit', '', 0, 0, 0, 0, 0, 0.00, ' ', 0, 0, 0, 0, 0, 0, 0, 0, 0, 0, 0, 0, 0, 1, ' ', NULL, NULL, NULL);
/*!40000 ALTER TABLE `fi_productos` ENABLE KEYS */;

-- Volcando estructura para tabla facturas_001.fi_productos_compuesto
CREATE TABLE IF NOT EXISTS `fi_productos_compuesto` (
  `rowid` int(10) NOT NULL AUTO_INCREMENT,
  `fk_product_padre` int(10) NOT NULL,
  `fk_product_hijo` int(10) NOT NULL,
  `cantidad` int(10) NOT NULL,
  `gratis` int(1) NOT NULL COMMENT '0-- No   1-- Gratis',
  PRIMARY KEY (`rowid`),
  KEY `fk_product_padre` (`fk_product_padre`),
  KEY `fk_product_hijo` (`fk_product_hijo`)
) ENGINE=InnoDB AUTO_INCREMENT=170 DEFAULT CHARSET=latin1;

-- Volcando datos para la tabla facturas_001.fi_productos_compuesto: ~140 rows (aproximadamente)
/*!40000 ALTER TABLE `fi_productos_compuesto` DISABLE KEYS */;
INSERT INTO `fi_productos_compuesto` (`rowid`, `fk_product_padre`, `fk_product_hijo`, `cantidad`, `gratis`) VALUES
	(1, 772, 768, 1, 0),
	(2, 772, 769, 1, 0),
	(3, 772, 770, 1, 0),
	(4, 772, 771, 1, 0),
	(5, 878, 108, 1, 0),
	(6, 878, 116, 1, 0),
	(7, 878, 202, 1, 0),
	(8, 90488, 90488, 161, 0),
	(10, 90489, 90489, 124, 0),
	(11, 90490, 90490, 63, 0),
	(12, 90491, 90491, 108, 0),
	(15, 3977, 3977, 4000, 0),
	(16, 90827, 90827, 1, 0),
	(17, 90827, 90827, 1, 0),
	(18, 90827, 90827, 1, 0),
	(19, 90827, 90827, 1, 0),
	(20, 497, 108, 1, 1),
	(21, 92637, 92637, 1, 0),
	(22, 819, 115, 1, 0),
	(23, 819, 108, 1, 0),
	(24, 96012, 95562, 1, 0),
	(25, 96012, 95570, 1, 0),
	(26, 96012, 95571, 1, 0),
	(31, 96028, 95977, 4, 0),
	(34, 96028, 95940, 1, 0),
	(35, 96028, 96026, 1, 0),
	(36, 96028, 95957, 1, 0),
	(38, 96028, 95623, 1, 0),
	(41, 96029, 95940, 1, 0),
	(42, 96029, 95562, 4, 0),
	(43, 96029, 95623, 1, 0),
	(44, 96029, 95957, 1, 0),
	(45, 96029, 96026, 1, 0),
	(46, 96030, 95562, 2, 0),
	(47, 96030, 95940, 1, 0),
	(51, 96030, 95957, 1, 0),
	(52, 96030, 96026, 1, 0),
	(53, 96030, 95623, 1, 0),
	(54, 96031, 95977, 2, 0),
	(55, 96031, 96025, 2, 0),
	(57, 96031, 95940, 1, 0),
	(58, 96031, 95623, 1, 0),
	(59, 96031, 95957, 1, 0),
	(60, 96031, 96026, 1, 0),
	(61, 96024, 96017, 1, 0),
	(62, 96024, 96021, 1, 0),
	(63, 96023, 96022, 1, 0),
	(64, 96023, 96021, 1, 0),
	(65, 95578, 95576, 1, 0),
	(69, 96034, 95574, 3, 0),
	(70, 96029, 96035, 4, 0),
	(71, 96029, 96036, 4, 0),
	(72, 96029, 96037, 4, 0),
	(73, 96028, 96035, 4, 0),
	(74, 96028, 96036, 4, 0),
	(75, 96028, 96037, 4, 0),
	(76, 96030, 96035, 2, 0),
	(77, 96030, 96036, 2, 0),
	(78, 96030, 96037, 2, 0),
	(79, 96092, 96039, 1, 0),
	(80, 96092, 96038, 4, 0),
	(82, 96092, 95623, 1, 0),
	(83, 96092, 95957, 1, 0),
	(84, 96092, 96035, 4, 0),
	(85, 96092, 96036, 4, 0),
	(86, 96092, 96037, 4, 0),
	(87, 96092, 96026, 4, 0),
	(88, 96093, 95940, 1, 0),
	(90, 96093, 95957, 1, 0),
	(91, 96093, 95562, 4, 0),
	(93, 96093, 96035, 4, 0),
	(94, 96093, 96036, 4, 0),
	(95, 96093, 96037, 4, 0),
	(98, 96093, 95623, 1, 0),
	(99, 96094, 95977, 4, 0),
	(100, 96094, 96036, 4, 0),
	(101, 96094, 96037, 4, 0),
	(102, 96094, 96035, 4, 0),
	(103, 96094, 95940, 1, 0),
	(104, 96094, 96026, 1, 0),
	(105, 96094, 95623, 1, 0),
	(106, 96094, 95957, 1, 0),
	(107, 96095, 96038, 4, 0),
	(108, 96095, 96035, 4, 0),
	(109, 96095, 96037, 4, 0),
	(110, 96095, 96036, 4, 0),
	(112, 96095, 95940, 1, 0),
	(113, 96095, 95623, 1, 0),
	(114, 96095, 95957, 1, 0),
	(115, 96095, 96026, 1, 0),
	(116, 96093, 96026, 1, 0),
	(117, 96133, 95608, 1, 0),
	(118, 96133, 95584, 1, 0),
	(119, 96133, 95579, 1, 0),
	(120, 96134, 95609, 1, 0),
	(121, 96134, 95584, 1, 0),
	(124, 96167, 96172, 3, 0),
	(125, 96180, 95977, 4, 0),
	(126, 96180, 95940, 1, 0),
	(127, 96180, 96091, 1, 0),
	(128, 96180, 96026, 1, 0),
	(129, 96180, 95957, 1, 0),
	(130, 96180, 96025, 4, 0),
	(131, 96181, 95562, 4, 0),
	(132, 96181, 95940, 1, 0),
	(133, 96181, 95957, 1, 0),
	(134, 96181, 96025, 4, 0),
	(135, 96181, 96026, 1, 0),
	(136, 96181, 96091, 1, 0),
	(137, 96189, 95609, 2, 0),
	(138, 96416, 96301, 2, 0),
	(139, 96461, 95580, 1, 0),
	(140, 96461, 95579, 1, 0),
	(141, 96728, 96727, 1, 0),
	(142, 96728, 96118, 1, 0),
	(143, 96784, 96693, 1, 0),
	(144, 96785, 96782, 1, 0),
	(145, 96785, 96783, 1, 0),
	(146, 96883, 96807, 1, 0),
	(148, 96883, 96730, 1, 0),
	(149, 96884, 96736, 1, 0),
	(150, 96884, 96737, 1, 0),
	(151, 96912, 96869, 1, 0),
	(152, 96912, 96781, 1, 0),
	(153, 96913, 96723, 1, 0),
	(154, 96913, 96781, 1, 0),
	(155, 96914, 96738, 1, 0),
	(156, 96914, 96871, 1, 0),
	(157, 96923, 95562, 4, 0),
	(159, 96923, 96025, 4, 0),
	(160, 96923, 95940, 1, 0),
	(161, 96923, 96026, 1, 0),
	(162, 96923, 95957, 1, 0),
	(163, 96923, 96091, 1, 0),
	(164, 98385, 98383, 10, 0),
	(165, 98385, 98384, 10, 0),
	(166, 98527, 98525, 1, 0),
	(167, 863, 108, 1, 0),
	(168, 863, 117, 1, 0),
	(169, 863, 115, 1, 1);
/*!40000 ALTER TABLE `fi_productos_compuesto` ENABLE KEYS */;

-- Volcando estructura para tabla facturas_001.fi_productos_imagenes
CREATE TABLE IF NOT EXISTS `fi_productos_imagenes` (
  `rowid` int(10) NOT NULL AUTO_INCREMENT,
  `fk_producto` int(10) NOT NULL,
  `label` varchar(50) NOT NULL,
  `activo` int(1) NOT NULL,
  `descripcion` varchar(100) DEFAULT NULL,
  `creado_fecha` datetime DEFAULT NULL,
  `creado_fk_usuario` int(10) DEFAULT NULL,
  `borrado` int(1) NOT NULL DEFAULT '0',
  `borrado_fecha` datetime DEFAULT NULL,
  `borrado_fk_usuario` int(10) DEFAULT NULL,
  PRIMARY KEY (`rowid`),
  KEY `fk_producto` (`fk_producto`),
  CONSTRAINT `fi_productos_imagenes_ibfk_1` FOREIGN KEY (`fk_producto`) REFERENCES `fi_productos` (`rowid`)
) ENGINE=InnoDB DEFAULT CHARSET=latin1;

-- Volcando datos para la tabla facturas_001.fi_productos_imagenes: ~0 rows (aproximadamente)
/*!40000 ALTER TABLE `fi_productos_imagenes` DISABLE KEYS */;
/*!40000 ALTER TABLE `fi_productos_imagenes` ENABLE KEYS */;

-- Volcando estructura para tabla facturas_001.fi_productos_precios_clientes
CREATE TABLE IF NOT EXISTS `fi_productos_precios_clientes` (
  `rowid` int(10) NOT NULL AUTO_INCREMENT,
  `fk_producto` int(10) NOT NULL,
  `fk_usuario` int(10) NOT NULL,
  `impuesto` int(10) NOT NULL,
  `subtotal` decimal(18,5) NOT NULL,
  `total` decimal(18,5) NOT NULL,
  `moneda` int(4) NOT NULL,
  `fecha` datetime NOT NULL,
  PRIMARY KEY (`rowid`),
  KEY `fk_producto` (`fk_producto`)
) ENGINE=InnoDB AUTO_INCREMENT=108 DEFAULT CHARSET=utf8 COLLATE=utf8_unicode_ci;

-- Volcando datos para la tabla facturas_001.fi_productos_precios_clientes: ~105 rows (aproximadamente)
/*!40000 ALTER TABLE `fi_productos_precios_clientes` DISABLE KEYS */;
INSERT INTO `fi_productos_precios_clientes` (`rowid`, `fk_producto`, `fk_usuario`, `impuesto`, `subtotal`, `total`, `moneda`, `fecha`) VALUES
	(1, 28, 1, 0, 100.00000, 100.00000, 0, '2016-05-11 20:13:26'),
	(2, 31, 16, 0, 1000.00000, 1000.00000, 0, '2016-06-23 19:05:15'),
	(3, 32, 16, 0, 500.00000, 500.00000, 0, '2016-06-23 19:06:33'),
	(4, 33, 16, 0, 700.00000, 700.00000, 0, '2016-06-23 19:09:03'),
	(5, 34, 16, 0, 600.00000, 600.00000, 0, '2016-06-23 19:30:24'),
	(6, 34, 16, 0, 300.00000, 300.00000, 0, '2016-06-23 19:30:45'),
	(7, 36, 25, 0, 40000.00000, 40000.00000, 0, '2016-06-30 18:38:44'),
	(8, 37, 25, 0, 40000.00000, 40000.00000, 0, '2016-06-30 18:39:41'),
	(9, 39, 25, 0, 40000.00000, 40000.00000, 0, '2016-06-30 18:41:18'),
	(10, 40, 25, 0, 40000.00000, 40000.00000, 0, '2016-06-30 18:41:50'),
	(11, 41, 25, 0, 40000.00000, 40000.00000, 0, '2016-06-30 18:42:29'),
	(12, 42, 25, 0, 40000.00000, 40000.00000, 0, '2016-06-30 18:43:04'),
	(13, 47, 25, 0, 40000.00000, 40000.00000, 0, '2016-06-30 18:45:21'),
	(14, 48, 25, 0, 40000.00000, 40000.00000, 0, '2016-06-30 18:46:30'),
	(15, 49, 25, 0, 40000.00000, 40000.00000, 0, '2016-06-30 18:47:00'),
	(16, 50, 25, 0, 40000.00000, 40000.00000, 0, '2016-06-30 18:47:23'),
	(17, 51, 25, 0, 40000.00000, 40000.00000, 0, '2016-06-30 18:47:46'),
	(18, 52, 25, 0, 40000.00000, 40000.00000, 0, '2016-06-30 18:48:17'),
	(19, 53, 25, 0, 40000.00000, 40000.00000, 0, '2016-06-30 18:48:42'),
	(20, 54, 25, 0, 40000.00000, 40000.00000, 0, '2016-06-30 18:49:56'),
	(21, 55, 25, 0, 40000.00000, 40000.00000, 0, '2016-06-30 18:50:24'),
	(22, 56, 25, 0, 40000.00000, 40000.00000, 0, '2016-06-30 18:51:04'),
	(23, 57, 25, 0, 40000.00000, 40000.00000, 0, '2016-06-30 18:51:28'),
	(24, 58, 25, 0, 40000.00000, 40000.00000, 0, '2016-06-30 18:51:58'),
	(25, 59, 25, 0, 40000.00000, 40000.00000, 0, '2016-06-30 18:52:31'),
	(26, 60, 25, 0, 40000.00000, 40000.00000, 0, '2016-06-30 18:53:05'),
	(27, 61, 25, 0, 40000.00000, 40000.00000, 0, '2016-06-30 18:53:24'),
	(28, 62, 25, 0, 40000.00000, 40000.00000, 0, '2016-06-30 18:53:51'),
	(29, 63, 25, 0, 40000.00000, 40000.00000, 0, '2016-06-30 18:54:27'),
	(30, 64, 25, 0, 40000.00000, 40000.00000, 0, '2016-06-30 18:54:46'),
	(31, 65, 25, 0, 40000.00000, 40000.00000, 0, '2016-06-30 18:55:18'),
	(32, 66, 25, 0, 40000.00000, 40000.00000, 0, '2016-06-30 18:55:44'),
	(33, 67, 25, 0, 40000.00000, 40000.00000, 0, '2016-06-30 18:56:15'),
	(34, 68, 25, 0, 40000.00000, 40000.00000, 0, '2016-06-30 18:56:42'),
	(35, 69, 25, 0, 40000.00000, 40000.00000, 0, '2016-06-30 18:57:09'),
	(36, 70, 25, 0, 40000.00000, 40000.00000, 0, '2016-06-30 18:57:41'),
	(37, 71, 25, 0, 40000.00000, 40000.00000, 0, '2016-06-30 18:58:12'),
	(38, 72, 25, 0, 51250.00000, 51250.00000, 0, '2016-06-30 18:59:11'),
	(39, 73, 25, 0, 51250.00000, 51250.00000, 0, '2016-06-30 18:59:39'),
	(40, 74, 25, 0, 51250.00000, 51250.00000, 0, '2016-06-30 19:00:26'),
	(41, 75, 25, 0, 51250.00000, 51250.00000, 0, '2016-06-30 19:00:54'),
	(42, 76, 25, 0, 51250.00000, 51250.00000, 0, '2016-06-30 19:01:53'),
	(43, 77, 25, 0, 51250.00000, 51250.00000, 0, '2016-06-30 19:02:19'),
	(44, 78, 25, 0, 51250.00000, 51250.00000, 0, '2016-06-30 19:02:48'),
	(45, 79, 25, 0, 51250.00000, 51250.00000, 0, '2016-06-30 19:03:17'),
	(46, 80, 25, 0, 5000.00000, 5000.00000, 0, '2016-06-30 19:07:18'),
	(47, 81, 25, 0, 35000.00000, 35000.00000, 0, '2016-06-30 19:07:56'),
	(48, 82, 25, 0, 15000.00000, 15000.00000, 0, '2016-06-30 19:08:46'),
	(49, 83, 25, 0, 30000.00000, 30000.00000, 0, '2016-06-30 19:09:24'),
	(50, 84, 25, 0, 5000.00000, 5000.00000, 0, '2016-06-30 19:09:49'),
	(51, 85, 25, 0, 25000.00000, 25000.00000, 0, '2016-06-30 19:10:29'),
	(52, 86, 25, 0, 35000.00000, 35000.00000, 0, '2016-06-30 19:11:02'),
	(53, 87, 25, 0, 25000.00000, 25000.00000, 0, '2016-06-30 19:11:36'),
	(54, 88, 25, 0, 20000.00000, 20000.00000, 0, '2016-06-30 19:12:18'),
	(55, 89, 25, 0, 30000.00000, 30000.00000, 0, '2016-06-30 19:13:05'),
	(56, 90, 25, 0, 15000.00000, 15000.00000, 0, '2016-06-30 19:13:32'),
	(57, 91, 25, 0, 3000.00000, 3000.00000, 0, '2016-06-30 19:14:03'),
	(58, 92, 25, 0, 7000.00000, 7000.00000, 0, '2016-06-30 19:14:57'),
	(59, 93, 25, 0, 3500.00000, 3500.00000, 0, '2016-06-30 19:16:15'),
	(60, 94, 25, 0, 85000.00000, 85000.00000, 0, '2016-06-30 19:16:46'),
	(61, 95, 25, 0, 10000.00000, 10000.00000, 0, '2016-06-30 19:17:18'),
	(62, 96, 25, 0, 25000.00000, 25000.00000, 0, '2016-06-30 19:17:57'),
	(63, 97, 25, 0, 70000.00000, 70000.00000, 0, '2016-06-30 19:18:35'),
	(64, 98, 25, 0, 30000.00000, 30000.00000, 0, '2016-06-30 19:21:30'),
	(65, 99, 25, 0, 45000.00000, 45000.00000, 0, '2016-06-30 19:21:55'),
	(66, 100, 25, 0, 2000.00000, 2000.00000, 0, '2016-06-30 19:22:18'),
	(67, 101, 25, 0, 385000.00000, 385000.00000, 0, '2016-06-30 19:22:58'),
	(68, 102, 25, 0, 425000.00000, 425000.00000, 0, '2016-06-30 19:23:27'),
	(69, 103, 25, 0, 425000.00000, 425000.00000, 0, '2016-06-30 19:23:54'),
	(70, 104, 25, 0, 225000.00000, 225000.00000, 0, '2016-06-30 19:24:18'),
	(71, 105, 25, 0, 20000.00000, 20000.00000, 0, '2016-06-30 19:25:43'),
	(72, 106, 25, 0, 225000.00000, 225000.00000, 0, '2016-06-30 19:30:44'),
	(73, 107, 25, 0, 725000.00000, 725000.00000, 0, '2016-06-30 19:31:54'),
	(74, 108, 1, 0, 11000.00000, 11000.00000, 0, '2016-07-03 18:22:43'),
	(75, 109, 1, 0, 700.00000, 700.00000, 0, '2016-07-03 18:28:00'),
	(76, 110, 1, 0, 700.00000, 700.00000, 0, '2016-07-03 18:31:38'),
	(77, 111, 1, 0, 800.00000, 800.00000, 0, '2016-07-03 18:36:15'),
	(78, 112, 1, 0, 4000.00000, 4000.00000, 0, '2016-07-03 18:40:25'),
	(79, 113, 1, 0, 6500.00000, 6500.00000, 0, '2016-07-03 18:46:16'),
	(80, 114, 1, 0, 10000.00000, 10000.00000, 0, '2016-07-03 18:52:03'),
	(81, 115, 1, 0, 5500.00000, 5500.00000, 0, '2016-07-03 18:59:06'),
	(82, 114, 1, 0, 5500.00000, 5500.00000, 0, '2016-07-03 19:00:22'),
	(83, 116, 1, 0, 2500.00000, 2500.00000, 0, '2016-07-03 19:02:49'),
	(84, 117, 1, 0, 2500.00000, 2500.00000, 0, '2016-07-03 19:05:49'),
	(85, 118, 1, 0, 7000.00000, 7000.00000, 0, '2016-07-03 19:07:58'),
	(86, 119, 1, 0, 16000.00000, 16000.00000, 0, '2016-07-03 19:12:19'),
	(87, 120, 1, 0, 16000.00000, 16000.00000, 0, '2016-07-03 19:14:11'),
	(88, 123, 25, 0, 40000.00000, 40000.00000, 0, '2016-07-04 12:55:19'),
	(89, 124, 25, 0, 40000.00000, 40000.00000, 0, '2016-07-04 12:57:10'),
	(90, 125, 25, 0, 40000.00000, 40000.00000, 0, '2016-07-04 12:58:17'),
	(91, 126, 25, 0, 40000.00000, 40000.00000, 0, '2016-07-04 12:59:24'),
	(92, 127, 25, 0, 40000.00000, 40000.00000, 0, '2016-07-04 13:01:00'),
	(93, 128, 25, 0, 40000.00000, 40000.00000, 0, '2016-07-04 13:01:53'),
	(94, 129, 25, 0, 40000.00000, 40000.00000, 0, '2016-07-04 13:02:42'),
	(95, 130, 25, 0, 40000.00000, 40000.00000, 0, '2016-07-04 13:03:28'),
	(96, 131, 25, 0, 40000.00000, 40000.00000, 0, '2016-07-04 13:05:10'),
	(97, 132, 25, 0, 40000.00000, 40000.00000, 0, '2016-07-04 13:06:04'),
	(98, 133, 25, 0, 40000.00000, 40000.00000, 0, '2016-07-04 13:06:43'),
	(99, 134, 25, 0, 40000.00000, 40000.00000, 0, '2016-07-04 13:07:29'),
	(100, 135, 25, 0, 40000.00000, 40000.00000, 0, '2016-07-04 13:08:27'),
	(101, 32, 1, 3, 100.00000, 113.00000, 2, '2024-03-11 15:10:24'),
	(104, 32, 1, 4, 96.15385, 100.00000, 2, '2024-03-11 15:39:21'),
	(105, 32, 1, 8, 89.03134, 96.15385, 2, '2024-03-11 15:39:35'),
	(106, 32, 1, 4, 85.60706, 89.03134, 2, '2024-03-11 15:43:11'),
	(107, 32, 1, 1, 84.75947, 85.60706, 2, '2024-03-11 15:43:16');
/*!40000 ALTER TABLE `fi_productos_precios_clientes` ENABLE KEYS */;

-- Volcando estructura para tabla facturas_001.fi_productos_precios_costo
CREATE TABLE IF NOT EXISTS `fi_productos_precios_costo` (
  `rowid` int(10) NOT NULL AUTO_INCREMENT,
  `fk_producto` int(10) NOT NULL,
  `precio` decimal(10,2) NOT NULL,
  `impuesto` varchar(10) NOT NULL COMMENT 'e es de excento, EL PRECIO TRAE EL IMPUESTO SUMADO',
  `fecha` datetime NOT NULL,
  `nota` varchar(100) NOT NULL,
  PRIMARY KEY (`rowid`)
) ENGINE=InnoDB AUTO_INCREMENT=101 DEFAULT CHARSET=latin1;

-- Volcando datos para la tabla facturas_001.fi_productos_precios_costo: ~100 rows (aproximadamente)
/*!40000 ALTER TABLE `fi_productos_precios_costo` DISABLE KEYS */;
INSERT INTO `fi_productos_precios_costo` (`rowid`, `fk_producto`, `precio`, `impuesto`, `fecha`, `nota`) VALUES
	(1, 32, 100.00, 'E', '2016-10-09 19:48:28', ''),
	(2, 108, 7790.00, 'E', '2016-10-14 11:19:36', ''),
	(3, 362, 76380.00, 'E', '2016-10-14 11:28:57', ''),
	(4, 360, 21055.00, 'E', '2016-10-14 11:32:16', ''),
	(5, 358, 62710.00, 'E', '2016-10-14 11:37:06', ''),
	(6, 356, 38730.00, 'E', '2016-10-14 11:39:16', ''),
	(7, 781, 12295.00, 'E', '2016-10-14 11:42:49', ''),
	(8, 782, 8360.00, 'E', '2016-10-14 11:45:08', ''),
	(9, 783, 12800.00, 'E', '2016-10-14 11:47:26', ''),
	(10, 784, 17335.00, 'E', '2016-10-14 11:49:44', ''),
	(11, 785, 25820.00, 'E', '2016-10-14 12:03:36', ''),
	(12, 554, 36975.00, 'E', '2016-10-14 12:07:46', ''),
	(13, 418, 21785.00, 'E', '2016-10-14 12:21:46', ''),
	(14, 381, 10815.00, 'E', '2016-10-14 12:25:00', ''),
	(15, 384, 21835.00, 'E', '2016-10-14 12:27:00', ''),
	(16, 382, 7900.00, 'E', '2016-10-14 12:30:35', ''),
	(17, 647, 11850.00, 'E', '2016-10-14 12:32:32', ''),
	(18, 379, 15865.00, 'E', '2016-10-14 12:33:52', ''),
	(19, 786, 5375.00, 'E', '2016-10-14 12:35:54', ''),
	(20, 330, 4500.00, 'E', '2016-10-14 12:58:55', ''),
	(21, 330, 4000.00, 'E', '2016-10-14 12:59:30', ''),
	(22, 553, 5000.00, 'E', '2016-10-14 13:04:02', ''),
	(23, 787, 14000.00, 'E', '2016-10-14 13:06:40', ''),
	(24, 559, 18000.00, 'E', '2016-10-14 13:09:05', ''),
	(25, 225, 4935.00, 'E', '2016-10-14 13:11:01', ''),
	(26, 225, 5575.00, 'E', '2016-10-14 13:12:46', ''),
	(27, 224, 6980.00, 'E', '2016-10-14 13:15:45', ''),
	(28, 222, 6360.00, 'E', '2016-10-14 13:20:46', ''),
	(29, 223, 5900.00, 'E', '2016-10-14 13:26:59', ''),
	(30, 788, 3655.00, 'E', '2016-10-14 14:00:59', ''),
	(31, 789, 5285.00, 'E', '2016-10-14 14:06:15', ''),
	(32, 790, 23780.00, 'E', '2016-10-14 15:02:50', ''),
	(33, 592, 3515.00, 'E', '2016-10-14 15:06:58', ''),
	(34, 584, 4550.00, 'E', '2016-10-14 15:09:13', ''),
	(35, 791, 8740.00, 'E', '2016-10-14 15:12:07', ''),
	(36, 792, 800.00, 'E', '2016-10-14 15:16:18', ''),
	(37, 793, 1875.00, 'E', '2016-10-14 15:18:38', ''),
	(38, 794, 5000.00, 'E', '2016-10-14 15:21:07', ''),
	(39, 795, 10300.00, 'E', '2016-10-14 15:24:17', ''),
	(40, 796, 7900.00, 'E', '2016-10-14 15:40:35', ''),
	(41, 797, 7005.00, 'E', '2016-10-14 15:42:48', ''),
	(42, 798, 2440.00, 'E', '2016-10-14 15:47:43', ''),
	(43, 799, 3000.00, 'E', '2016-10-14 15:52:37', ''),
	(44, 800, 3000.00, 'E', '2016-10-14 15:57:11', ''),
	(45, 801, 2800.00, 'E', '2016-10-14 16:02:06', ''),
	(46, 405, 10780.00, 'E', '2016-10-14 16:04:37', ''),
	(47, 403, 5875.00, 'E', '2016-10-14 16:09:24', ''),
	(48, 802, 21000.00, 'E', '2016-10-14 16:15:51', ''),
	(49, 803, 10000.00, 'E', '2016-10-14 16:19:45', ''),
	(50, 348, 7070.00, 'E', '2016-10-14 16:24:55', ''),
	(51, 345, 6025.00, 'E', '2016-10-14 16:26:51', ''),
	(52, 804, 5000.00, 'E', '2016-10-14 16:30:33', ''),
	(53, 805, 9000.00, 'E', '2016-10-14 16:33:00', ''),
	(54, 806, 10500.00, 'E', '2016-10-14 16:35:26', ''),
	(55, 629, 2950.00, 'E', '2016-10-14 16:38:29', ''),
	(56, 807, 5900.00, 'E', '2016-10-14 16:40:26', ''),
	(57, 632, 3950.00, 'E', '2016-10-14 16:41:33', ''),
	(58, 808, 3950.00, 'E', '2016-10-14 16:44:48', ''),
	(59, 809, 4750.00, 'E', '2016-10-14 16:46:35', ''),
	(60, 452, 6108.00, 'E', '2016-10-14 16:47:55', ''),
	(61, 810, 2750.00, 'E', '2016-10-14 16:49:35', ''),
	(62, 626, 3755.00, 'E', '2016-10-14 16:50:38', ''),
	(63, 811, 7000.00, 'E', '2016-10-14 16:56:07', ''),
	(64, 623, 1910.00, 'E', '2016-10-14 16:58:49', ''),
	(65, 624, 6000.00, 'E', '2016-10-14 17:02:52', ''),
	(66, 490, 5000.00, 'E', '2016-10-14 17:06:48', ''),
	(67, 486, 1300.00, 'E', '2016-10-14 17:08:11', ''),
	(68, 813, 2000.00, 'E', '2016-10-14 17:09:49', ''),
	(69, 634, 1800.00, 'E', '2016-10-14 17:12:22', ''),
	(70, 308, 1500.00, 'E', '2016-10-14 17:13:31', ''),
	(71, 586, 1825.00, 'E', '2016-10-14 17:14:56', ''),
	(72, 586, 3200.00, 'E', '2016-10-14 17:15:23', ''),
	(73, 116, 1500.00, 'E', '2016-10-15 09:23:00', ''),
	(74, 115, 6050.00, 'E', '2016-10-15 09:26:28', ''),
	(75, 273, 14000.00, 'E', '2016-10-15 09:32:22', ''),
	(76, 178, 700.00, 'E', '2016-10-15 09:37:06', ''),
	(77, 467, 750.00, 'E', '2016-10-15 09:43:41', ''),
	(78, 173, 1500.00, 'E', '2016-10-15 09:51:48', ''),
	(79, 814, 1500.00, 'E', '2016-10-15 09:57:48', ''),
	(80, 117, 1600.00, 'E', '2016-10-15 10:00:47', ''),
	(81, 478, 750.00, 'E', '2016-10-15 10:02:15', ''),
	(82, 432, 500.00, 'E', '2016-10-15 10:06:01', ''),
	(83, 109, 300.00, 'E', '2016-10-15 10:11:33', ''),
	(84, 815, 1000.00, 'E', '2016-10-15 11:01:14', ''),
	(85, 172, 6050.00, 'E', '2016-10-15 11:05:05', ''),
	(86, 113, 3800.00, 'E', '2016-10-15 11:09:07', ''),
	(87, 333, 2700.00, 'E', '2016-10-15 11:11:26', ''),
	(88, 335, 2800.00, 'E', '2016-10-15 11:14:43', ''),
	(89, 428, 2550.00, 'E', '2016-10-15 11:25:43', ''),
	(90, 112, 2500.00, 'E', '2016-10-15 11:31:15', ''),
	(91, 183, 750.00, 'E', '2016-10-15 11:33:35', ''),
	(92, 181, 5750.00, 'E', '2016-10-15 11:34:55', ''),
	(93, 816, 2250.00, 'E', '2016-10-15 11:37:08', ''),
	(94, 420, 9600.00, 'E', '2016-10-15 11:38:30', ''),
	(95, 389, 1500.00, 'E', '2016-10-15 11:40:04', ''),
	(96, 817, 1500.00, 'E', '2016-10-15 11:46:55', ''),
	(97, 818, 1500.00, 'E', '2016-10-15 11:47:41', ''),
	(98, 819, 1600.00, 'E', '2016-10-15 11:50:22', ''),
	(99, 310, 2200.00, 'E', '2016-10-15 11:52:33', ''),
	(100, 293, 1100.00, 'E', '2016-10-15 12:08:42', '');
/*!40000 ALTER TABLE `fi_productos_precios_costo` ENABLE KEYS */;

-- Volcando estructura para tabla facturas_001.fi_usuarios
CREATE TABLE IF NOT EXISTS `fi_usuarios` (
  `rowid` int(10) NOT NULL AUTO_INCREMENT,
  `entidad` int(1) NOT NULL DEFAULT '1',
  `nombre` varchar(100) DEFAULT NULL,
  `apellidos` varchar(100) DEFAULT NULL,
  `email` varchar(100) DEFAULT NULL COMMENT 'Campo Abandonado',
  `fk_sucursal` int(4) DEFAULT NULL,
  `identificacion` varchar(100) DEFAULT NULL,
  `usuario` varchar(200) NOT NULL,
  `clave` varchar(250) NOT NULL,
  `telefono` varchar(20) DEFAULT NULL,
  `movil` varchar(20) DEFAULT NULL,
  `activo` int(11) NOT NULL COMMENT '0- no /1 - Activo',
  `administrador` int(1) DEFAULT NULL,
  `fk_puestos_salarios` int(10) DEFAULT NULL,
  `avatar` varchar(100) DEFAULT NULL,
  `huella` varchar(100) DEFAULT NULL,
  `email_host` varchar(100) DEFAULT NULL,
  `email_port` int(10) DEFAULT NULL,
  `email_user_name` varchar(100) DEFAULT NULL,
  `email_password` varchar(100) DEFAULT NULL,
  `firma` varchar(100) DEFAULT NULL,
  `descuento` int(3) NOT NULL DEFAULT '0',
  `axmsa_edicion` int(1) NOT NULL DEFAULT '0',
  `amsa_descuento_permitir` int(1) DEFAULT '1',
  `amsa_descuento_permitir_maximo` decimal(5,2) DEFAULT '0.00',
  `visible` tinyint(1) NOT NULL DEFAULT '1',
  PRIMARY KEY (`rowid`),
  UNIQUE KEY `usuario` (`usuario`)
) ENGINE=InnoDB AUTO_INCREMENT=32 DEFAULT CHARSET=latin1 COMMENT='Tablas de Accesos! ';

-- Volcando datos para la tabla facturas_001.fi_usuarios: ~10 rows (aproximadamente)
/*!40000 ALTER TABLE `fi_usuarios` DISABLE KEYS */;
INSERT INTO `fi_usuarios` (`rowid`, `entidad`, `nombre`, `apellidos`, `email`, `fk_sucursal`, `identificacion`, `usuario`, `clave`, `telefono`, `movil`, `activo`, `administrador`, `fk_puestos_salarios`, `avatar`, `huella`, `email_host`, `email_port`, `email_user_name`, `email_password`, `firma`, `descuento`, `axmsa_edicion`, `amsa_descuento_permitir`, `amsa_descuento_permitir_maximo`, `visible`) VALUES
	(1, 1, 'Alex', 'Oviedo', 'aoviedo@omasesores.com', 1, '', 'alex', 'alex', '2321323123', '', 1, 0, 1, '02_02_2016_10_00.png', '', 'mail.facturacionpymes.com', 25, 'davidb@facturacionpymes.com', 'davidybecky2014', 'Firma-HyB-aparatologia.jpg', 0, 0, 1, 0.00, 1),
	(16, 2, 'Alex', 'Oviedo', 'aoviedo@omasesores.com', 5, '', 'alexpersonal', 'alexpersonal', '6316-3868', '', 1, 0, 1, '02_02_2016_10_00.png', '', 'smtp.sendgrid.net', 25, 'xcrowd', 'A1837294865z', 'Firma-Florencio-PDA.jpg', 0, 0, 1, 0.00, 1),
	(24, 3, 'Ivonne', 'Lopez Murillo', '', 0, '', 'ivonne', '210468', '', '', 0, 0, 0, '', '0', '', 0, 'ilopez@educacion.ac.cr', '', '', 0, 0, 1, 0.00, 1),
	(25, 3, 'Manuel', 'Solano', '', 0, '', 'universidad', 'universidad', '', '', 0, 1, 0, '', '0', '', 0, '', '', '', 0, 0, 1, 0.00, 1),
	(26, 1, 'Jesús ', 'Rojas', '', 0, '', 'jesusadmin', 'jesus', '', '87891732', 1, 0, 1, '', '0', '', 0, '', '', '', 0, 0, 1, 0.00, 1),
	(27, 3, 'Steve', 'Salas Campos', '', 0, '1-09740062', 'steve', 'steve', '', '8344-1599', 0, 0, 0, '', '0', '', 0, '', '', '', 0, 0, 1, 0.00, 1),
	(28, 2, 'Manuel', '', '', 0, '7097', '', '', '', '', 0, 0, 1, '', '0', '', 0, '', '', '', 0, 0, 1, 0.00, 1),
	(29, 4, 'Veritas', 'Cafeteria', 'karollsancho@yahoo.com', 0, '', 'cafe---', 'cafe---', '', '', 1, 1, 0, '', '', '', 0, '', '', '', 0, 0, 1, 0.00, 1),
	(30, 4, 'Veritas2', 'Veritas2', '', 0, '', 'veritas2', 'veritas2', '', '', 1, 0, 1, '', '0', '', 0, '', '', '', 0, 0, 1, 0.00, 1),
	(31, 5, 'cafe', 'cafe', '', 0, '', 'cafe', 'cafe', '', '', 1, 0, 1, '', '0', '', 0, '', '', '', 0, 0, 1, 0.00, 1);
/*!40000 ALTER TABLE `fi_usuarios` ENABLE KEYS */;

/*!40101 SET SQL_MODE=IFNULL(@OLD_SQL_MODE, '') */;
/*!40014 SET FOREIGN_KEY_CHECKS=IFNULL(@OLD_FOREIGN_KEY_CHECKS, 1) */;
/*!40101 SET CHARACTER_SET_CLIENT=@OLD_CHARACTER_SET_CLIENT */;
/*!40111 SET SQL_NOTES=IFNULL(@OLD_SQL_NOTES, 1) */;
